industry,column,changepoint_prior_scale,seasonality_prior_scale,seasonality_mode,mae,mape,smape,mse,rmse,training time
FHV - High Volume,avg_trip_distance,0.05,0.01,multiplicative,0.053766473675694315,1.3233909129432806,1.31623460329475,0.003571978614488726,0.05976603227995586,0.6810016632080078
Yellow Taxi,avg_trip_distance,0.15,15.0,additive,0.09321670423187445,3.35542006050086,3.404433324881647,0.012369663934571345,0.11121899088991657,28.41291379928589
Green Taxi,avg_trip_distance,0.05,0.01,additive,0.06516924102797446,2.339028858703854,2.3665204831805147,0.005678704397215247,0.07535717880345075,1.092371940612793
FHV - Other,avg_trip_distance,0.05,0.1,multiplicative,0.15418728603966114,3.2964648247721224,3.3019293356676473,0.037050150095481994,0.1924841554400829,0.7982079982757568
Total Mercado,avg_trip_distance,0.2,0.05,additive,0.0422798069157971,1.1976481400124346,1.1864346840086895,0.003511527931850578,0.05925814654417212,0.7424564361572266
